{
    "niter": 4719,
    "logz": -26558.649794054385,
    "logzerr": 0.20547216156560802,
    "logz_bs": -26558.670113486096,
    "logz_single": -26558.649794054385,
    "logzerr_tail": 0.00994884486135561,
    "logzerr_bs": 0.20523116153344745,
    "ess": 1788.733455441875,
    "H": 7.446674382274068,
    "Herr": 0.1068925867354502,
    "posterior": {
        "mean": [
            36.7993847085856,
            12.894936989357763,
            0.4970741143038127,
            27.20989122050543,
            8046.442654384181
        ],
        "stdev": [
            3.081124339614136,
            11.409679589473411,
            0.3847662364938439,
            17.111490891529932,
            113.3774106413899
        ],
        "median": [
            37.77936534639214,
            9.331616565148707,
            0.4072274644943902,
            25.87853719574791,
            8046.626195171291
        ],
        "errlo": [
            34.08208959489899,
            2.3500873698442697,
            0.1103149992642825,
            7.667497226124551,
            7926.641288393016
        ],
        "errup": [
            39.40507784461407,
            24.870163606143713,
            0.9445978545886737,
            47.41576098219939,
            8156.4409042261805
        ],
        "information_gain_bits": [
            -1.040246564025525,
            -4.533147979537303,
            -4.898225761037121,
            -5.157171727177087,
            4.146479197649592
        ]
    },
    "maximum_likelihood": {
        "logl": -26548.04759129736,
        "point": [
            39.879070392223284,
            0.8189969045561487,
            0.0504394020076254,
            2.249969969989014,
            8028.41984609907
        ],
        "point_untransformed": [
            0.9965448683492366,
            0.016379938091122974,
            0.0336262680050836,
            0.0374994994998169,
            0.9863757251189899
        ]
    },
    "ncall": 14038,
    "paramnames": [
        "a_v",
        "a_s",
        "a_c",
        "a_sym",
        "sigma_sys"
    ],
    "logzerr_single": 0.1575507789282984,
    "insertion_order_MWW_test": {
        "independent_iterations": Infinity,
        "converged": true
    }
}