{
    "niter": 56783,
    "logz": -26558.820571004628,
    "logzerr": 0.07846557195318316,
    "logz_bs": -26558.815808557225,
    "logz_single": -26558.820571004628,
    "logzerr_tail": 0.009920612072164658,
    "logzerr_bs": 0.07783590070175705,
    "ess": 21460.250981835634,
    "H": 7.617328938275023,
    "Herr": 0.03668284732808089,
    "posterior": {
        "mean": [
            36.85376419893518,
            13.083808540306396,
            0.5066855983295786,
            27.248138187625464,
            8048.810131143441
        ],
        "stdev": [
            3.152098532589285,
            11.339528962314679,
            0.39056677876860574,
            17.239378014979575,
            112.44133443924203
        ],
        "median": [
            37.83337623513591,
            9.81924995576994,
            0.41685827832155264,
            25.771410123202443,
            8047.677075608712
        ],
        "errlo": [
            34.17595069533987,
            2.433258446131703,
            0.11050892677075086,
            7.590566975161382,
            7937.168792947921
        ],
        "errup": [
            39.45462047029332,
            24.94765721396518,
            0.9557263469728753,
            48.14487242779659,
            8162.082453993665
        ],
        "information_gain_bits": [
            -1.1863491699674569,
            -4.585196307679582,
            -4.945377238307917,
            -5.171273982933175,
            4.146479197649592
        ]
    },
    "maximum_likelihood": {
        "logl": -26547.95383175742,
        "point": [
            39.908721323474694,
            0.4637083266313454,
            0.010799238835737045,
            2.108846997795668,
            8039.142150613672
        ],
        "point_untransformed": [
            0.9973920378135627,
            0.009274166532626908,
            0.00719949255715803,
            0.035147449963261135,
            0.9864585297229166
        ]
    },
    "ncall": 134511,
    "paramnames": [
        "a_v",
        "a_s",
        "a_c",
        "a_sym",
        "sigma_sys"
    ],
    "logzerr_single": 0.04623091694845938,
    "insertion_order_MWW_test": {
        "independent_iterations": Infinity,
        "converged": true
    }
}