{
    "niter": 60414,
    "logz": -817588841.2686346,
    "logzerr": 1.0172340443810133,
    "logz_bs": -817588862.1649455,
    "logz_single": -817588841.2686346,
    "logzerr_tail": 0.6931471824645996,
    "logzerr_bs": 0.7445213794708252,
    "ess": 1.0,
    "H": 123.22902524471283,
    "Herr": 36.73089142010113,
    "posterior": {
        "mean": [
            39.99911352150064,
            0.002356514061928281,
            5.818477011664774e-05,
            0.0066401540576807765,
            28.506999572975435,
            9.999999618391215
        ],
        "stdev": [
            2.447819724693545e-11,
            1.3869114190434573e-15,
            2.785721956929943e-17,
            7.179153105330016e-15,
            1.801225835151854e-11,
            4.39470682067622e-12
        ],
        "median": [
            39.99911352147616,
            0.002356514061929668,
            5.8184770116619886e-05,
            0.006640154057687956,
            28.506999572993447,
            9.99999961839561
        ],
        "errlo": [
            39.99911352147616,
            0.002356514061929668,
            5.8184770116619886e-05,
            0.006640154057687956,
            28.506999572993447,
            9.99999961839561
        ],
        "errup": [
            39.99911352147616,
            0.002356514061929668,
            5.8184770116619886e-05,
            0.006640154057687956,
            28.506999572993447,
            9.99999961839561
        ],
        "information_gain_bits": [
            4.146479197649592,
            4.14647919764959,
            4.14647919764959,
            4.14647919764959,
            4.146479197649592,
            4.146479197649592
        ]
    },
    "maximum_likelihood": {
        "logl": -817588784.8335577,
        "point": [
            39.99911352147616,
            0.002356514061929668,
            5.8184770116619886e-05,
            0.006640154057687956,
            28.506999572993447,
            9.99999961839561
        ],
        "point_untransformed": [
            0.999974672042176,
            4.713028123859336e-05,
            3.878984674441326e-05,
            0.00011066923429479925,
            0.9502333190997816,
            0.9999999958567829
        ]
    },
    "ncall": 162176,
    "paramnames": [
        "a_v",
        "a_s",
        "a_c",
        "a_sym",
        "a_p",
        "sigma_sys"
    ],
    "logzerr_single": 0.3207215170878508,
    "insertion_order_MWW_test": {
        "independent_iterations": Infinity,
        "converged": true
    }
}