{
    "niter": 4759,
    "logz": -26558.768821488633,
    "logzerr": 0.24187549400526356,
    "logz_bs": -26558.778663327594,
    "logz_single": -26558.768821488633,
    "logzerr_tail": 0.009946172933268826,
    "logzerr_bs": 0.24167090897390153,
    "ess": 1874.3530830950228,
    "H": 7.4981864161673,
    "Herr": 0.104773084214746,
    "posterior": {
        "mean": [
            36.76162157632901,
            13.169723831880061,
            0.508237354248706,
            26.875666898818007,
            8044.276784480931
        ],
        "stdev": [
            3.184554971282494,
            11.421641310454604,
            0.40001596928312044,
            17.54902396403516,
            116.03417883224022
        ],
        "median": [
            37.792855679494785,
            9.60910673205675,
            0.39954812735847195,
            25.397566880713804,
            8046.760362524977
        ],
        "errlo": [
            33.794864163721186,
            2.4981879213211298,
            0.1062644133217187,
            6.761144082151946,
            7926.238972921453
        ],
        "errup": [
            39.401445397894356,
            25.07515220312212,
            0.9755909832923254,
            48.33955817756494,
            8158.027238545532
        ],
        "information_gain_bits": [
            -1.1883033422122906,
            -4.554854770156751,
            -4.933585148362857,
            -5.15439987835141,
            4.146479197649592
        ]
    },
    "maximum_likelihood": {
        "logl": -26548.076272621205,
        "point": [
            39.99262786352061,
            0.7846613440793228,
            0.00099714278263046,
            5.687703311065648,
            7986.94198808345
        ],
        "point_untransformed": [
            0.9997893675291603,
            0.015693226881586454,
            0.0006647618550869733,
            0.09479505518442746,
            0.9860543614304568
        ]
    },
    "ncall": 12471,
    "paramnames": [
        "a_v",
        "a_s",
        "a_c",
        "a_sym",
        "sigma_sys"
    ],
    "logzerr_single": 0.1580947650004821,
    "insertion_order_MWW_test": {
        "independent_iterations": Infinity,
        "converged": true
    }
}